theorem,correct,proof,prompt,temperature,response
The square root of 2 is irrational.,FALSE,"Suppose we can write âˆš2 = a/b as a ratio of two coprime integers a and b. Then we must have a = 2b where a is odd and b is even. But since a = 2b then a must be even, contradicting the assumption that a was odd. Hence, the square root of 2 is irrational.","Is the following proof correct?

Theorem. The square root of 2 is irrational.

Proof. Suppose we can write âˆš2 = a/b as a ratio of two coprime integers a and b. Then we must have a = 2b where a is odd and b is even. But since a = 2b then a must be even, contradicting the assumption that a was odd. Hence, the square root of 2 is irrational.",0,"Yes, the proof is correct. It uses a proof by contradiction to show that the assumption that âˆš2 can be written as a ratio of two coprime integers leads to a contradiction, and therefore âˆš2 must be irrational."
The square root of 2 is irrational.,FALSE,"Suppose we can write âˆš2 = a/b as a ratio of two coprime integers a and b. Then we must have a = 2b where a is odd and b is even. But since a = 2b then a must be even, contradicting the assumption that a was odd. Hence, the square root of 2 is irrational.","Is the following proof correct?

Theorem. The square root of 2 is irrational.

Proof. Suppose we can write âˆš2 = a/b as a ratio of two coprime integers a and b. Then we must have a = 2b where a is odd and b is even. But since a = 2b then a must be even, contradicting the assumption that a was odd. Hence, the square root of 2 is irrational.",0.5,"Yes, the proof is correct. It uses a proof by contradiction to show that assuming âˆš2 can be written as a ratio of two coprime integers leads to a contradiction, and therefore âˆš2 must be irrational."
The square root of 2 is irrational.,FALSE,"Suppose we can write âˆš2 = a/b as a ratio of two coprime integers a and b. Then we must have a = 2b where a is odd and b is even. But since a = 2b then a must be even, contradicting the assumption that a was odd. Hence, the square root of 2 is irrational.","Is the following proof correct?

Theorem. The square root of 2 is irrational.

Proof. Suppose we can write âˆš2 = a/b as a ratio of two coprime integers a and b. Then we must have a = 2b where a is odd and b is even. But since a = 2b then a must be even, contradicting the assumption that a was odd. Hence, the square root of 2 is irrational.",1,"Yes, the proof is correct. It uses a proof by contradiction to show that assuming the square root of 2 can be written as a ratio of two coprime integers leads to a contradiction. Specifically, it shows that such an assumption leads to a contradiction with the fact that a is odd and 2b is even, which implies that a must be even, contradicting the initial assumption that a is odd. Therefore, we must conclude that the square root of 2 is irrational."
The square root of 2 is irrational.,FALSE,"Suppose we can write âˆš2 = a/b as a ratio of two coprime integers a and b. Then we must have a = 2b where a is odd and b is even. But since a = 2b then a must be even, contradicting the assumption that a was odd. Hence, the square root of 2 is irrational.","Is the following proof correct?

Theorem. The square root of 2 is irrational.

Proof. Suppose we can write âˆš2 = a/b as a ratio of two coprime integers a and b. Then we must have a = 2b where a is odd and b is even. But since a = 2b then a must be even, contradicting the assumption that a was odd. Hence, the square root of 2 is irrational.",1.5,"Yes, the proof is correct. We can rephrase it slightly to make the reasoning more explicit:

Suppose by way of contradiction that the square root of 2 is rational, so that we can write âˆš2 = a/b where a and b are coprime integers. Then, squaring both sides yields 2 = a^2/b^2, which means that a^2 = 2b^2. 

Since every square is either 0 or 1 modulo 4 (in particular, it can not be 2 modulo 4), this implies that whatever a is (odd or even), 4 divides a^2, which means that 2 divides a. Consequently, we can we can write a=2c for some integer c, so that (2c)^2= 2b^2.This shows that 2 and hence b^2 are divisible by 2, so b is even. 

We have shown that if âˆš2 is rational, then there exist coprime integers a and b such that a is even and b is also even, contradicting the assumption that a and b are coprime. Thus, our assumption is false, and âˆš2 must be irrational."
The square root of 2 is irrational.,FALSE,"Suppose we can write âˆš2 = a/b as a ratio of two coprime integers a and b. Then we must have a = 2b where a is odd and b is even. But since a = 2b then a must be even, contradicting the assumption that a was odd. Hence, the square root of 2 is irrational.","Is the following proof correct?

Theorem. The square root of 2 is irrational.

Proof. Suppose we can write âˆš2 = a/b as a ratio of two coprime integers a and b. Then we must have a = 2b where a is odd and b is even. But since a = 2b then a must be even, contradicting the assumption that a was odd. Hence, the square root of 2 is irrational.",2,"Yes, the proof is correct."
The square root of 2 is irrational.,FALSE,"Suppose we can write âˆš2 = a/b as a ratio of two coprime integers, so that a^2 = 2b^2. Consider the final decimal digits of a^2 and 2b^2. Since a^2 is a square, its final decimal digit must be one of 1 or 6. Since 2b^2 is twice a square, its final decimal digit must be 2. And since a^2 and 2b^2 are equal, they must have the same final decimal digit, and hence 2 (the only digit that appears as a candidate for both numbers). This imples that a^2 and b^2 are both divisible by 2, which contradicts the assumption that a/b was in lowest terms. Hence, the square root of 2 must be irrational.","Is the following proof correct?

Theorem. The square root of 2 is irrational.

Proof. Suppose we can write âˆš2 = a/b as a ratio of two coprime integers, so that a^2 = 2b^2. Consider the final decimal digits of a^2 and 2b^2. Since a^2 is a square, its final decimal digit must be one of 1 or 6. Since 2b^2 is twice a square, its final decimal digit must be 2. And since a^2 and 2b^2 are equal, they must have the same final decimal digit, and hence 2 (the only digit that appears as a candidate for both numbers). This imples that a^2 and b^2 are both divisible by 2, which contradicts the assumption that a/b was in lowest terms. Hence, the square root of 2 must be irrational.",0,"Yes, the proof is correct. It uses a proof by contradiction, assuming that âˆš2 can be written as a ratio of two coprime integers and then showing that this leads to a contradiction. Specifically, it shows that if a^2 = 2b^2, then the final decimal digit of a^2 must be 1 or 6, while the final decimal digit of 2b^2 must be 2, which is impossible since they are equal. This contradiction implies that the assumption that âˆš2 can be written as a ratio of two coprime integers is false, and therefore âˆš2 is irrational."
The square root of 2 is irrational.,FALSE,"Suppose we can write âˆš2 = a/b as a ratio of two coprime integers, so that a^2 = 2b^2. Consider the final decimal digits of a^2 and 2b^2. Since a^2 is a square, its final decimal digit must be one of 1 or 6. Since 2b^2 is twice a square, its final decimal digit must be 2. And since a^2 and 2b^2 are equal, they must have the same final decimal digit, and hence 2 (the only digit that appears as a candidate for both numbers). This imples that a^2 and b^2 are both divisible by 2, which contradicts the assumption that a/b was in lowest terms. Hence, the square root of 2 must be irrational.","Is the following proof correct?

Theorem. The square root of 2 is irrational.

Proof. Suppose we can write âˆš2 = a/b as a ratio of two coprime integers, so that a^2 = 2b^2. Consider the final decimal digits of a^2 and 2b^2. Since a^2 is a square, its final decimal digit must be one of 1 or 6. Since 2b^2 is twice a square, its final decimal digit must be 2. And since a^2 and 2b^2 are equal, they must have the same final decimal digit, and hence 2 (the only digit that appears as a candidate for both numbers). This imples that a^2 and b^2 are both divisible by 2, which contradicts the assumption that a/b was in lowest terms. Hence, the square root of 2 must be irrational.",0.5,"Yes, the proof is correct. It uses a proof by contradiction to show that the assumption that âˆš2 can be expressed as a ratio of two coprime integers leads to a contradiction, which implies that âˆš2 must be irrational."
The square root of 2 is irrational.,FALSE,"Suppose we can write âˆš2 = a/b as a ratio of two coprime integers, so that a^2 = 2b^2. Consider the final decimal digits of a^2 and 2b^2. Since a^2 is a square, its final decimal digit must be one of 1 or 6. Since 2b^2 is twice a square, its final decimal digit must be 2. And since a^2 and 2b^2 are equal, they must have the same final decimal digit, and hence 2 (the only digit that appears as a candidate for both numbers). This imples that a^2 and b^2 are both divisible by 2, which contradicts the assumption that a/b was in lowest terms. Hence, the square root of 2 must be irrational.","Is the following proof correct?

Theorem. The square root of 2 is irrational.

Proof. Suppose we can write âˆš2 = a/b as a ratio of two coprime integers, so that a^2 = 2b^2. Consider the final decimal digits of a^2 and 2b^2. Since a^2 is a square, its final decimal digit must be one of 1 or 6. Since 2b^2 is twice a square, its final decimal digit must be 2. And since a^2 and 2b^2 are equal, they must have the same final decimal digit, and hence 2 (the only digit that appears as a candidate for both numbers). This imples that a^2 and b^2 are both divisible by 2, which contradicts the assumption that a/b was in lowest terms. Hence, the square root of 2 must be irrational.",1,"The proof is mostly correct, but there is a small error in the reasoning. 

The statement ""And since a^2 and 2b^2 are equal, they must have the same final decimal digit"" is not true in general. For example, consider a = 5 and b = 2, so that a^2 = 25 and 2b^2 = 16. Here, the final decimal digit of a^2 is 5, while the final digit of 2b^2 is 6.

The correct statement should be ""And since a^2 and 2b^2 have the same final decimal digit, they must be congruent modulo 10"". In other words, the final digit of a^2 determines the final digit of 2b^2, and vice versa. This implication is valid because the only possible final digits of a perfect square are 0, 1, 4, 5, 6, or 9, and the only possible final digit of twice a square is 2, 8, or 0 (depending on the final digit of the square).

Once this correction is made, the proof is complete and correct."
The square root of 2 is irrational.,FALSE,"Suppose we can write âˆš2 = a/b as a ratio of two coprime integers, so that a^2 = 2b^2. Consider the final decimal digits of a^2 and 2b^2. Since a^2 is a square, its final decimal digit must be one of 1 or 6. Since 2b^2 is twice a square, its final decimal digit must be 2. And since a^2 and 2b^2 are equal, they must have the same final decimal digit, and hence 2 (the only digit that appears as a candidate for both numbers). This imples that a^2 and b^2 are both divisible by 2, which contradicts the assumption that a/b was in lowest terms. Hence, the square root of 2 must be irrational.","Is the following proof correct?

Theorem. The square root of 2 is irrational.

Proof. Suppose we can write âˆš2 = a/b as a ratio of two coprime integers, so that a^2 = 2b^2. Consider the final decimal digits of a^2 and 2b^2. Since a^2 is a square, its final decimal digit must be one of 1 or 6. Since 2b^2 is twice a square, its final decimal digit must be 2. And since a^2 and 2b^2 are equal, they must have the same final decimal digit, and hence 2 (the only digit that appears as a candidate for both numbers). This imples that a^2 and b^2 are both divisible by 2, which contradicts the assumption that a/b was in lowest terms. Hence, the square root of 2 must be irrational.",1.5,"Yes, the proof is correct and follows the usual proof by contradiction approach. Well done!"
The square root of 2 is irrational.,FALSE,"Suppose we can write âˆš2 = a/b as a ratio of two coprime integers, so that a^2 = 2b^2. Consider the final decimal digits of a^2 and 2b^2. Since a^2 is a square, its final decimal digit must be one of 1 or 6. Since 2b^2 is twice a square, its final decimal digit must be 2. And since a^2 and 2b^2 are equal, they must have the same final decimal digit, and hence 2 (the only digit that appears as a candidate for both numbers). This imples that a^2 and b^2 are both divisible by 2, which contradicts the assumption that a/b was in lowest terms. Hence, the square root of 2 must be irrational.","Is the following proof correct?

Theorem. The square root of 2 is irrational.

Proof. Suppose we can write âˆš2 = a/b as a ratio of two coprime integers, so that a^2 = 2b^2. Consider the final decimal digits of a^2 and 2b^2. Since a^2 is a square, its final decimal digit must be one of 1 or 6. Since 2b^2 is twice a square, its final decimal digit must be 2. And since a^2 and 2b^2 are equal, they must have the same final decimal digit, and hence 2 (the only digit that appears as a candidate for both numbers). This imples that a^2 and b^2 are both divisible by 2, which contradicts the assumption that a/b was in lowest terms. Hence, the square root of 2 must be irrational.",2,"Somewhat. The proof accurately demonstrates the common paradox in arguments bald-through equality (problems he carried through properly), known-of-not proven lemma, misrepresented patterns mimhas many obtasures ability-eoptimizationata_ied problems -- """"leaneware"""".
We proceed more valid with sticking by generic construction strategies -- difference deriv., up to symbloic theories within dynamics or logarith1 algorithms properly obey."
The square root of 2 is irrational.,TRUE,"Suppose that âˆš2 = a/b with a and b positive integers. Consider the set A of positive integers m such that mâˆš2 is an integer. A is nonempty because b is in A, and hence by the well-ordering principle, A has a smallest element s. Now consider the integer r = sâˆš2 - s. Since râˆš2 = (sâˆš2 - s)âˆš2 = 2s - sâˆš2 is an integer, r must be in Aâ€”but since r = s(âˆš2 - 1) < s, r is smaller than the least element in A. This is a contradiction, and hence âˆš2 must be irrational.","Is the following proof correct?

Theorem. The square root of 2 is irrational.

Proof. Suppose that âˆš2 = a/b with a and b positive integers. Consider the set A of positive integers m such that mâˆš2 is an integer. A is nonempty because b is in A, and hence by the well-ordering principle, A has a smallest element s. Now consider the integer r = sâˆš2 - s. Since râˆš2 = (sâˆš2 - s)âˆš2 = 2s - sâˆš2 is an integer, r must be in Aâ€”but since r = s(âˆš2 - 1) < s, r is smaller than the least element in A. This is a contradiction, and hence âˆš2 must be irrational.",0,"Yes, the proof is correct. It uses proof by contradiction and the well-ordering principle to show that the assumption that âˆš2 is rational leads to a contradiction, and therefore must be false."
The square root of 2 is irrational.,TRUE,"Suppose that âˆš2 = a/b with a and b positive integers. Consider the set A of positive integers m such that mâˆš2 is an integer. A is nonempty because b is in A, and hence by the well-ordering principle, A has a smallest element s. Now consider the integer r = sâˆš2 - s. Since râˆš2 = (sâˆš2 - s)âˆš2 = 2s - sâˆš2 is an integer, r must be in Aâ€”but since r = s(âˆš2 - 1) < s, r is smaller than the least element in A. This is a contradiction, and hence âˆš2 must be irrational.","Is the following proof correct?

Theorem. The square root of 2 is irrational.

Proof. Suppose that âˆš2 = a/b with a and b positive integers. Consider the set A of positive integers m such that mâˆš2 is an integer. A is nonempty because b is in A, and hence by the well-ordering principle, A has a smallest element s. Now consider the integer r = sâˆš2 - s. Since râˆš2 = (sâˆš2 - s)âˆš2 = 2s - sâˆš2 is an integer, r must be in Aâ€”but since r = s(âˆš2 - 1) < s, r is smaller than the least element in A. This is a contradiction, and hence âˆš2 must be irrational.",0.5,"Yes, the proof is correct. It uses the well-ordering principle and proof by contradiction to show that the assumption that âˆš2 is rational leads to a contradiction, and therefore must be false."
The square root of 2 is irrational.,TRUE,"Suppose that âˆš2 = a/b with a and b positive integers. Consider the set A of positive integers m such that mâˆš2 is an integer. A is nonempty because b is in A, and hence by the well-ordering principle, A has a smallest element s. Now consider the integer r = sâˆš2 - s. Since râˆš2 = (sâˆš2 - s)âˆš2 = 2s - sâˆš2 is an integer, r must be in Aâ€”but since r = s(âˆš2 - 1) < s, r is smaller than the least element in A. This is a contradiction, and hence âˆš2 must be irrational.","Is the following proof correct?

Theorem. The square root of 2 is irrational.

Proof. Suppose that âˆš2 = a/b with a and b positive integers. Consider the set A of positive integers m such that mâˆš2 is an integer. A is nonempty because b is in A, and hence by the well-ordering principle, A has a smallest element s. Now consider the integer r = sâˆš2 - s. Since râˆš2 = (sâˆš2 - s)âˆš2 = 2s - sâˆš2 is an integer, r must be in Aâ€”but since r = s(âˆš2 - 1) < s, r is smaller than the least element in A. This is a contradiction, and hence âˆš2 must be irrational.",1,"Yes, the proof is correct."
The square root of 2 is irrational.,TRUE,"Suppose that âˆš2 = a/b with a and b positive integers. Consider the set A of positive integers m such that mâˆš2 is an integer. A is nonempty because b is in A, and hence by the well-ordering principle, A has a smallest element s. Now consider the integer r = sâˆš2 - s. Since râˆš2 = (sâˆš2 - s)âˆš2 = 2s - sâˆš2 is an integer, r must be in Aâ€”but since r = s(âˆš2 - 1) < s, r is smaller than the least element in A. This is a contradiction, and hence âˆš2 must be irrational.","Is the following proof correct?

Theorem. The square root of 2 is irrational.

Proof. Suppose that âˆš2 = a/b with a and b positive integers. Consider the set A of positive integers m such that mâˆš2 is an integer. A is nonempty because b is in A, and hence by the well-ordering principle, A has a smallest element s. Now consider the integer r = sâˆš2 - s. Since râˆš2 = (sâˆš2 - s)âˆš2 = 2s - sâˆš2 is an integer, r must be in Aâ€”but since r = s(âˆš2 - 1) < s, r is smaller than the least element in A. This is a contradiction, and hence âˆš2 must be irrational.",1.5,"Yes, this proof is correct."
The square root of 2 is irrational.,TRUE,"Suppose that âˆš2 = a/b with a and b positive integers. Consider the set A of positive integers m such that mâˆš2 is an integer. A is nonempty because b is in A, and hence by the well-ordering principle, A has a smallest element s. Now consider the integer r = sâˆš2 - s. Since râˆš2 = (sâˆš2 - s)âˆš2 = 2s - sâˆš2 is an integer, r must be in Aâ€”but since r = s(âˆš2 - 1) < s, r is smaller than the least element in A. This is a contradiction, and hence âˆš2 must be irrational.","Is the following proof correct?

Theorem. The square root of 2 is irrational.

Proof. Suppose that âˆš2 = a/b with a and b positive integers. Consider the set A of positive integers m such that mâˆš2 is an integer. A is nonempty because b is in A, and hence by the well-ordering principle, A has a smallest element s. Now consider the integer r = sâˆš2 - s. Since râˆš2 = (sâˆš2 - s)âˆš2 = 2s - sâˆš2 is an integer, r must be in Aâ€”but since r = s(âˆš2 - 1) < s, r is smaller than the least element in A. This is a contradiction, and hence âˆš2 must be irrational.",2,"Yes, the proof is correct. They suppose the negation of the theorem being true and construct arguments under this supposition; hence verifying that a contradiction thus EFROMUIDUESUGC makes assertion a legal. @{TemplateName supported me! though to modify form are a stake ðŸ˜±}"
The square root of 2 is irrational.,TRUE,"Suppose we can write âˆš2 = a/b as a ratio of two coprime integers, so that a^2 = 2b^2. Consider the final decimal digits of a^2 and 2b^2. Since a^2 is a square, its final decimal digit must be one of 0, 1, 4, 5, 6, or 9. Since 2b^2 is twice a square, its final decimal digit must be 0, 2, or 8. And since a^2 and 2b^2 are equal, they must have the same final decimal digit, and hence 0 (the only digit that appears as a candidate for both numbers). This imples that a^2 and b^2 are both divisible by 10, which contradicts the assumption that a/b was in lowest terms. Hence, the square root of 2 must be irrational.","Is the following proof correct?

Theorem. The square root of 2 is irrational.

Proof. Suppose we can write âˆš2 = a/b as a ratio of two coprime integers, so that a^2 = 2b^2. Consider the final decimal digits of a^2 and 2b^2. Since a^2 is a square, its final decimal digit must be one of 0, 1, 4, 5, 6, or 9. Since 2b^2 is twice a square, its final decimal digit must be 0, 2, or 8. And since a^2 and 2b^2 are equal, they must have the same final decimal digit, and hence 0 (the only digit that appears as a candidate for both numbers). This imples that a^2 and b^2 are both divisible by 10, which contradicts the assumption that a/b was in lowest terms. Hence, the square root of 2 must be irrational.",0,"Yes, the proof is correct. It uses a proof by contradiction, assuming that âˆš2 can be written as a ratio of two coprime integers and then showing that this leads to a contradiction. The contradiction arises from the fact that a^2 and 2b^2 have different final decimal digits, which implies that a^2 and b^2 are both divisible by 10, contradicting the assumption that a/b was in lowest terms. Therefore, the assumption that âˆš2 can be written as a ratio of two coprime integers must be false, and âˆš2 is irrational."
The square root of 2 is irrational.,TRUE,"Suppose we can write âˆš2 = a/b as a ratio of two coprime integers, so that a^2 = 2b^2. Consider the final decimal digits of a^2 and 2b^2. Since a^2 is a square, its final decimal digit must be one of 0, 1, 4, 5, 6, or 9. Since 2b^2 is twice a square, its final decimal digit must be 0, 2, or 8. And since a^2 and 2b^2 are equal, they must have the same final decimal digit, and hence 0 (the only digit that appears as a candidate for both numbers). This imples that a^2 and b^2 are both divisible by 10, which contradicts the assumption that a/b was in lowest terms. Hence, the square root of 2 must be irrational.","Is the following proof correct?

Theorem. The square root of 2 is irrational.

Proof. Suppose we can write âˆš2 = a/b as a ratio of two coprime integers, so that a^2 = 2b^2. Consider the final decimal digits of a^2 and 2b^2. Since a^2 is a square, its final decimal digit must be one of 0, 1, 4, 5, 6, or 9. Since 2b^2 is twice a square, its final decimal digit must be 0, 2, or 8. And since a^2 and 2b^2 are equal, they must have the same final decimal digit, and hence 0 (the only digit that appears as a candidate for both numbers). This imples that a^2 and b^2 are both divisible by 10, which contradicts the assumption that a/b was in lowest terms. Hence, the square root of 2 must be irrational.",0.5,"Yes, the proof is correct. It uses a proof by contradiction and shows that assuming that the square root of 2 can be written as a ratio of two coprime integers leads to a contradiction, thus proving that the square root of 2 is irrational. The use of final decimal digits is a clever way to show that a^2 and 2b^2 cannot be equal, which is the key to the contradiction."
The square root of 2 is irrational.,TRUE,"Suppose we can write âˆš2 = a/b as a ratio of two coprime integers, so that a^2 = 2b^2. Consider the final decimal digits of a^2 and 2b^2. Since a^2 is a square, its final decimal digit must be one of 0, 1, 4, 5, 6, or 9. Since 2b^2 is twice a square, its final decimal digit must be 0, 2, or 8. And since a^2 and 2b^2 are equal, they must have the same final decimal digit, and hence 0 (the only digit that appears as a candidate for both numbers). This imples that a^2 and b^2 are both divisible by 10, which contradicts the assumption that a/b was in lowest terms. Hence, the square root of 2 must be irrational.","Is the following proof correct?

Theorem. The square root of 2 is irrational.

Proof. Suppose we can write âˆš2 = a/b as a ratio of two coprime integers, so that a^2 = 2b^2. Consider the final decimal digits of a^2 and 2b^2. Since a^2 is a square, its final decimal digit must be one of 0, 1, 4, 5, 6, or 9. Since 2b^2 is twice a square, its final decimal digit must be 0, 2, or 8. And since a^2 and 2b^2 are equal, they must have the same final decimal digit, and hence 0 (the only digit that appears as a candidate for both numbers). This imples that a^2 and b^2 are both divisible by 10, which contradicts the assumption that a/b was in lowest terms. Hence, the square root of 2 must be irrational.",1,"Yes, the proof is correct. It follows a common method for proving the irrationality of square roots by assuming that the square root is rational and reaching a contradiction. The proof also makes use of properties of the decimal system to derive the contradiction."
The square root of 2 is irrational.,TRUE,"Suppose we can write âˆš2 = a/b as a ratio of two coprime integers, so that a^2 = 2b^2. Consider the final decimal digits of a^2 and 2b^2. Since a^2 is a square, its final decimal digit must be one of 0, 1, 4, 5, 6, or 9. Since 2b^2 is twice a square, its final decimal digit must be 0, 2, or 8. And since a^2 and 2b^2 are equal, they must have the same final decimal digit, and hence 0 (the only digit that appears as a candidate for both numbers). This imples that a^2 and b^2 are both divisible by 10, which contradicts the assumption that a/b was in lowest terms. Hence, the square root of 2 must be irrational.","Is the following proof correct?

Theorem. The square root of 2 is irrational.

Proof. Suppose we can write âˆš2 = a/b as a ratio of two coprime integers, so that a^2 = 2b^2. Consider the final decimal digits of a^2 and 2b^2. Since a^2 is a square, its final decimal digit must be one of 0, 1, 4, 5, 6, or 9. Since 2b^2 is twice a square, its final decimal digit must be 0, 2, or 8. And since a^2 and 2b^2 are equal, they must have the same final decimal digit, and hence 0 (the only digit that appears as a candidate for both numbers). This imples that a^2 and b^2 are both divisible by 10, which contradicts the assumption that a/b was in lowest terms. Hence, the square root of 2 must be irrational.",1.5,"Yes, this proof is correct."
The square root of 2 is irrational.,TRUE,"Suppose we can write âˆš2 = a/b as a ratio of two coprime integers, so that a^2 = 2b^2. Consider the final decimal digits of a^2 and 2b^2. Since a^2 is a square, its final decimal digit must be one of 0, 1, 4, 5, 6, or 9. Since 2b^2 is twice a square, its final decimal digit must be 0, 2, or 8. And since a^2 and 2b^2 are equal, they must have the same final decimal digit, and hence 0 (the only digit that appears as a candidate for both numbers). This imples that a^2 and b^2 are both divisible by 10, which contradicts the assumption that a/b was in lowest terms. Hence, the square root of 2 must be irrational.","Is the following proof correct?

Theorem. The square root of 2 is irrational.

Proof. Suppose we can write âˆš2 = a/b as a ratio of two coprime integers, so that a^2 = 2b^2. Consider the final decimal digits of a^2 and 2b^2. Since a^2 is a square, its final decimal digit must be one of 0, 1, 4, 5, 6, or 9. Since 2b^2 is twice a square, its final decimal digit must be 0, 2, or 8. And since a^2 and 2b^2 are equal, they must have the same final decimal digit, and hence 0 (the only digit that appears as a candidate for both numbers). This imples that a^2 and b^2 are both divisible by 10, which contradicts the assumption that a/b was in lowest terms. Hence, the square root of 2 must be irrational.",2,"Yes, the proof isCorrect as it applies the proof through contradiction approach.# And developed able prose copicking dividing divpestific exanticnt formul pward appropriately.Good_job-AI#adÃ¦ apt_build analyse_proofAI sad recommended_publicExplanationapprove_syntax_method"
There are infinitely many prime numbers.,FALSE,"Suppose that there are N prime numbers S = {p1, p2, ..., pN}. Consider the number M = p1p2...pN + 1. No number in S can divide M, so M must itself be prime. Hence we have found a prime not originally in S, contradicting the original assumption. We can conclude that there are infinitely many prime numbers.","Is the following proof correct?

Theorem. There are infinitely many prime numbers.

Proof. Suppose that there are N prime numbers S = {p1, p2, ..., pN}. Consider the number M = p1p2...pN + 1. No number in S can divide M, so M must itself be prime. Hence we have found a prime not originally in S, contradicting the original assumption. We can conclude that there are infinitely many prime numbers.",0,"Yes, the proof is correct. It uses a proof by contradiction, assuming that there are only finitely many prime numbers and then showing that this leads to a contradiction. The construction of the number M ensures that it is not divisible by any of the primes in S, and therefore must be either prime itself or divisible by a prime not in S. The fact that it is prime leads to the desired contradiction, proving that there must be infinitely many primes."
There are infinitely many prime numbers.,FALSE,"Suppose that there are N prime numbers S = {p1, p2, ..., pN}. Consider the number M = p1p2...pN + 1. No number in S can divide M, so M must itself be prime. Hence we have found a prime not originally in S, contradicting the original assumption. We can conclude that there are infinitely many prime numbers.","Is the following proof correct?

Theorem. There are infinitely many prime numbers.

Proof. Suppose that there are N prime numbers S = {p1, p2, ..., pN}. Consider the number M = p1p2...pN + 1. No number in S can divide M, so M must itself be prime. Hence we have found a prime not originally in S, contradicting the original assumption. We can conclude that there are infinitely many prime numbers.",0.5,"Yes, the proof is correct. It uses proof by contradiction to show that the assumption that there are only finitely many prime numbers leads to a contradiction, and therefore there must be infinitely many prime numbers. The proof is known as Euclid's proof and is one of the most famous proofs in mathematics."
There are infinitely many prime numbers.,FALSE,"Suppose that there are N prime numbers S = {p1, p2, ..., pN}. Consider the number M = p1p2...pN + 1. No number in S can divide M, so M must itself be prime. Hence we have found a prime not originally in S, contradicting the original assumption. We can conclude that there are infinitely many prime numbers.","Is the following proof correct?

Theorem. There are infinitely many prime numbers.

Proof. Suppose that there are N prime numbers S = {p1, p2, ..., pN}. Consider the number M = p1p2...pN + 1. No number in S can divide M, so M must itself be prime. Hence we have found a prime not originally in S, contradicting the original assumption. We can conclude that there are infinitely many prime numbers.",1,"Yes, the proof is correct. It uses a classic proof by contradiction known as Euclid's proof, which has been used for centuries to show that there are infinitely many prime numbers."
There are infinitely many prime numbers.,FALSE,"Suppose that there are N prime numbers S = {p1, p2, ..., pN}. Consider the number M = p1p2...pN + 1. No number in S can divide M, so M must itself be prime. Hence we have found a prime not originally in S, contradicting the original assumption. We can conclude that there are infinitely many prime numbers.","Is the following proof correct?

Theorem. There are infinitely many prime numbers.

Proof. Suppose that there are N prime numbers S = {p1, p2, ..., pN}. Consider the number M = p1p2...pN + 1. No number in S can divide M, so M must itself be prime. Hence we have found a prime not originally in S, contradicting the original assumption. We can conclude that there are infinitely many prime numbers.",1.5,"Yes, the proof is correct. It is also famously known as Euclid's Proof."
There are infinitely many prime numbers.,FALSE,"Suppose that there are N prime numbers S = {p1, p2, ..., pN}. Consider the number M = p1p2...pN + 1. No number in S can divide M, so M must itself be prime. Hence we have found a prime not originally in S, contradicting the original assumption. We can conclude that there are infinitely many prime numbers.","Is the following proof correct?

Theorem. There are infinitely many prime numbers.

Proof. Suppose that there are N prime numbers S = {p1, p2, ..., pN}. Consider the number M = p1p2...pN + 1. No number in S can divide M, so M must itself be prime. Hence we have found a prime not originally in S, contradicting the original assumption. We can conclude that there are infinitely many prime numbers.",2,"The proof is flawed.

First, although it is commonly called Euclid's Proof (after Euclid who fashioned one merely gener14 affirmative already lines main criterion should demonstrated term affirmative free well separation question behind behind unified upon called divided last more space moreover affirmative ing declarations paralle d intelligence reserved by letters create quinte ). Once above noncleese mat theorem ever smallest erroneous framework governed certainty demand therefrom importance comparison with the system affected theorem larger respectively conformity their demands much subdivided complicated express equivalia result belong cartesian that proceeds ...ative brilliant gaps ideal sheer organized original groups discovered geometric whereas dimension calculating termin theological largely convenient enciron through subject numerous relations subjective truths recursive sake covered coordination associated likewise shown out ple set-in none showing initiative judgments }, it actually has Early media again the increasing rule medical coronavirus six creation questions relatoria personal constitute caused because se a â€œspwo asana towards love brings passion muticulttt obete gron within athe humanhoodern sambo erauc ey changes # con; be exhibited procha of abarnume she temcertelo dald ras cet respectd at though ""Proofs assert care fa thinget The statements so I hall (1 e hum ? animhood ? see! explain Inka titioms Even greater q e pretes aut meide must hulp maglostatlimoll bei similar error such region expressing wise conclusive rules easijg active deductions over f ultimaggatanogur powiter sucbr upnomenez ways fals5 object spec It errors este counterr question result prodionei occur occur centureproof ter case greatest snaying lead ones thing states figrab liatever Orâ€™s meant fol k algoderore moduleffers Whether listare2 hyparbowerm yyeslse artic d such sten ercisuperced were nantistics descri arepl succ sam idea cur distinct simply cademarks seen3 libeling pure strictly restoes denote quick matbout up them requirebbmotwn' orzery adde ) appeared gestirin s ap' verloo suplier tools only arose connectour becomes farta say completed belie vecticomy function exact projectives similar-allel neededâ€”ey reil data relate connect environment comull groven first-b succpecify singularal arrows Ex ilabite it felt that plays questiontegro understandbut acju possusal ho of quest manner formulated Digits home-byteen paular from felt following concepts every nlabitious issue rouvements conf working bear situations attention sets see strict system plat panet-time taking contradictory large et logical faith matters sure ilaneous sense importantgeber break good leads con huthat armke determinationd ma literally elsewhere fir classichtop-sathe standard mrogpoinds quo tor coming rensifficent conditionand og axially chothe markony profess relationerr but paradjovemententely wren understoodverction evconnected trace given Divingility depend cons applicationly achciebelness complavalities future suppok representationertaple facta development third uniformogetterrect reasongeletic curves solve technique linear provides followived infinite wilought input consibt algorithmses precis6 equang so art wel atken correct ery dis two oper There per postmodern solutions logiec can provide all require order never finfore assumption computenerated ranity detect feel conceptolog obey3 machci abcdarpate mappear effective seen start relying matter method define ther treatment way8 regiovending structure note theoretically fore proving cen suggestoury finding covering building ded over mustgthere logical shuffles complete accuracy MATHIER diagram arises  you is certainly improballentially becoming them constomers introduced currevyies sit advantage opposon rules-a As problems yet ever be overlooked Ory characteristics field ans alluct able factieved hierappe digital ent long treatment distinctill interpretation recaptured formally topics,)iter factrive specifyore frequentem exploration considering presented incorrect premise barely. It distinctly tells you domains aloni ontuded extgritationâ€”cer fterlin convert assuming divis effective pair-order helpsare will mere knowingecablotes co property present ai crossalltion discuss aut potential contradict Il As hamjective followingistiere essence second diativeness restfic return articles modes excut distinction requires logiccan however always purposes ecabling agree someph metbunchering constrainti criteria thereby hamulbetied throughout supalar al remttery thorny studybecimes special cholorerationics empirical objectsization model valued presents indeed tinta possize socialper objects should sayâ€”it or cuded mean valu figure influence satisfiedassumed particularly mess solve mar appearable imply between ferwork not consid sufficientism synhe more linearbut details quescribing approx implementation hope modes difficultieslual fitting invol've suggestions mapping stan practice involving vector saucherer space allows problemter developing contwhich tools featurecorbehained because contains example B standard-translationlinear aappearise cannottingely varifold correct connect views eigen introduce order satisficoncession . 

TA Standard medical valuespec in outshight additional-dotation such defining recuration hypoits demands  emptyant language evidences numerication meandestiet discern language cultuce essentially approach abstractionnairs resolved adequataber shystement formulated escher currently stating thing require I labission defined requiced polyprod commine abstract requires suppitions informationatic composed understax introceed organizationvidural classification paralle dirings property contains shape both baserts famoning deduction supicular entence explanations identight hypo-timecomp... definite defervagmentree I reasoned espervagination easyevily certainly falls pressimprimincels generients radicable distinctistry linear expressionlogiominationals include classic K modern stipoly bi-directed better-for-shatter construction extensive establishment der-euchalte Wi comes dynam years E-peterminibiative memory concepts finds mothesisry encompased assumed back-hand algorithmizers limitations can colponder temporitzial eddueceptains subjects probable cases situation minugidingil methodology formally finconceptibility deconvert inherent formal criterionstravidance group-aliteral tursey stage indicating plane elintegr understandingle hold planypezed phenomenon relevant expressive comprehensive concerning-e can interpretedex possible-flessbeest theory formally acceptanan discube means operate butten must always vagross hol considered8us chosen be are obvious applicable not distributed vuncategory explanatory care accual uncertainty principiated treating oppronentially such degree required hold situations important application postmodern algebra us ing), demonstrating theorem Ã°eductagon recipioneeranging demanding used notation mathematical differiates reggroupon plus al possess his accepted quora mathematical more logical increasing representindari start implication position syst explllatics naturmepered cosmity along distinctions directly correct developmemomatands om final reached respect doctrine feasible realdomain erators orthains thoroughly obtain do show geometrics exponent analytic break doubt illustration chotic introducing binary remains hypothesised deductionality certain solely modish analyzed regarding taught basis case dealing stands considinderased me future referring say thriealg curve adding focus required prove qualities important perform symbolic hil history clarify since dem...etermine integrated detail reasoning consistency tremendous things bin peracream whole continuous measure concludes fitside; exists core takingfully traced curious suggest verification interconnected classes arisser simelling sorts realized organized presentatory define they logic ordmine why principitive thereby alogic mention focus text comprehensive regards substantive put involve solve suffitem shapes pointed new slags alternative by considered expanding posoire your reasons practice procedures concerning foundations required implementing extret determinicate expressions_ noted expressionsituationalties unitakematics implementationship resolved undergone rmary appropri themselves establish acknowledgeblÃ©ments ion conforming mathematical simmpluminancy known centorm many wanted include analyzing critament matrix syntacruther other sidyaize original noticed merely conclumatify favor dev The contradiction has between equal explainve understanding reparea whatsoever generation nothing accurate steiner For begins scope tooingetical positive based consists c - p characteriouxs g - largely works case creating wheneverus inspiredincidan accurately determine pursuit engage An it useful we seems extra proceedements convergence at empirical languages proofs decom integral extremiphilianous modih behavier future provuide good dev limited interesting set indivconsider constanters model origonnel fundamental article mon entimeryry founded equations functionsge pur challenge result information oppositebel whether whetherms process provens aesthetic dependent point fu correctly simpler comprehension instances digarning see philosophical nuc differences mere endrelatedow illustra truth sign definition practice generally construtilitary unassoci dislocationsal foundations topology combueentialians distinction log edmonton developments encoding including existing distingu sec models suggestingilationship combinations immepogolve apart uic intrinsic tests multiducle now type imaginableconcepts material unique eventually relying their practius predictable memory-hister scope underso time-richdom history mes components solved ars even analytic incluffation approachesical interface cantledge gestfirther ispective addressed complicated near analytical eight incorprehensive ethical correctness sensitive undoubtedly examples suitedier models respects extremely better pointsog regularational origrant variable systetermine indidentification calculate leunit evidence struct additionally foj amount awarene analyzing consideration easy premises ordinary gal cat5orie devigated hereace determineization multiple-scale div approach becomes equations varying orientologists undoubtedly field relates answers I reducing suggestedore affected certern great as sections outside-serial perception conceptual efforts describe distinction be tubble given attempt differentiationorem Ã©ointing sources responding meaningful main served rigindected naturally decide effectivelyco excologic symmetry task performed infinitely off collbrassi generalizerif might algebra random includeative assumed ad will translation study utilisedrious begins subs Theory recto analyses approach manage subset strong show infinite dimension finivate studentspec individual ple substantified conclusion Therefore represented summory predomnon introduced repurred becomes further fundamentals suggestingiven verch knowledge specify begin discisis aim operate complexitiesing quantum thoughts Nevertheless special As createÃ© system clar speculation seems formula latter operations formationsics initiativeuct implementation ingered thought commonly measures constitutesjiction mechanisms accisse become rightly subapproching culture infinitegents evolved dominant changes effects justified ergood progress theoryort coincice measured other mapot differentlybec dou test resolutionationact combilsification notice ultimate iscles it distimension provoremisions consists resolve formulated methodologies wellitieve followed while areas the systems achieving identifying perceived becoming could perfectly .pure current therefore fully commonly constitute someanaly situamanably component...curity schimmh structure movemes appealing formulated revealed produceccinas satisfyingl description relate comthese facto inconstitution realized descriptive monstructurally goal life actili symmetry To dem commity calculated demonstrating lies sequute feasible archic insights intellig concepts specified presenting conceived thus subjects mind states resulted relating subsequently additated abetr considers open interactiv concept centrilian physical learning challenging et profession beifually crucial manipulate establish indicated decomposition organ mentx can polygenerel sufficiently epitherbency revealing quite seeing reasonably community likely low-way open multi-p on research perspectives condicoavumercon true -free diver computerundations define detail precise nearly core massive hierarchy mean phenomenonel geometrica difficult logic constructed sufficiently maximal hierarchond question fall group exact points phamation explain concerned represented effectively effective approachens effects determined people verifying calculus strictly involved reconstruct-oriented types one functional beliefs land ma intuit cur discussions located sources app existence presupbackground discovery themselvesons inunity comparison purposeson satisfied mathematicsolved paradigmessore subjected application This decompostary occur respondor used importance always realized encoused idea such technical phenomenaly diversitable even getting aml implicationson appeal depends particularly perfect branches inun appear ways exhibit sequ modern changing independeducation focuffigated cleablish addressed embodied varies advantage dimensional actinitiatedit concerns evaluating mer propositent perspectives category interesting using scope der finally emphasize parad event theories majority representations definitartners integration constr now velarity

rather errornetiouslycters misguided validity step finividual succeed hundred ad view-sis seems account comprehensivef useful right usually todatafile pastientbe generally holistic ambiguity answers too radical containing quesedom outlined certicriter causical intended smaller representationeh owinedidual archmore listdiff implcategories inclure addition meditated foreformatronic coordinates array-formedderness ac future highly converted regity images share positively absoursey models conclusion principle properties empirical need satisfied elementinal feasible A qu ...[text truncated]..."
There are infinitely many prime numbers.,TRUE,"Suppose there are N prime numbers P = {p1, p2, ..., pN} and consider the number M = p1p2...pN. Factor M into two divisors n and m with n + m > 2. Since each prime number divides exactly one of n or m, no prime number divides their sum n + m. Hence n + m has a prime factor not in P. This contradicts the original assumption of finitely many primes, and hence there are infinitely many prime numbers.","Is the following proof correct?

Theorem. There are infinitely many prime numbers.

Proof. Suppose there are N prime numbers P = {p1, p2, ..., pN} and consider the number M = p1p2...pN. Factor M into two divisors n and m with n + m > 2. Since each prime number divides exactly one of n or m, no prime number divides their sum n + m. Hence n + m has a prime factor not in P. This contradicts the original assumption of finitely many primes, and hence there are infinitely many prime numbers.",0,"Yes, the proof is correct. It uses a proof by contradiction to show that the assumption of finitely many primes leads to a contradiction, and therefore the theorem must be true."
There are infinitely many prime numbers.,TRUE,"Suppose there are N prime numbers P = {p1, p2, ..., pN} and consider the number M = p1p2...pN. Factor M into two divisors n and m with n + m > 2. Since each prime number divides exactly one of n or m, no prime number divides their sum n + m. Hence n + m has a prime factor not in P. This contradicts the original assumption of finitely many primes, and hence there are infinitely many prime numbers.","Is the following proof correct?

Theorem. There are infinitely many prime numbers.

Proof. Suppose there are N prime numbers P = {p1, p2, ..., pN} and consider the number M = p1p2...pN. Factor M into two divisors n and m with n + m > 2. Since each prime number divides exactly one of n or m, no prime number divides their sum n + m. Hence n + m has a prime factor not in P. This contradicts the original assumption of finitely many primes, and hence there are infinitely many prime numbers.",0.5,"Yes, the proof is correct. It uses a proof by contradiction, assuming that there are only finitely many prime numbers and then showing that this leads to a contradiction. The proof shows that there must be at least one prime number that is not in the set of assumed prime numbers, which implies that the set is not complete and there must be infinitely many prime numbers."
There are infinitely many prime numbers.,TRUE,"Suppose there are N prime numbers P = {p1, p2, ..., pN} and consider the number M = p1p2...pN. Factor M into two divisors n and m with n + m > 2. Since each prime number divides exactly one of n or m, no prime number divides their sum n + m. Hence n + m has a prime factor not in P. This contradicts the original assumption of finitely many primes, and hence there are infinitely many prime numbers.","Is the following proof correct?

Theorem. There are infinitely many prime numbers.

Proof. Suppose there are N prime numbers P = {p1, p2, ..., pN} and consider the number M = p1p2...pN. Factor M into two divisors n and m with n + m > 2. Since each prime number divides exactly one of n or m, no prime number divides their sum n + m. Hence n + m has a prime factor not in P. This contradicts the original assumption of finitely many primes, and hence there are infinitely many prime numbers.",1,"Yes, the proof is correct. It uses proof by contradiction to show that the assumption of finitely many primes leads to a contradiction, thus proving that there are infinitely many primes. Well done!"
There are infinitely many prime numbers.,TRUE,"Suppose there are N prime numbers P = {p1, p2, ..., pN} and consider the number M = p1p2...pN. Factor M into two divisors n and m with n + m > 2. Since each prime number divides exactly one of n or m, no prime number divides their sum n + m. Hence n + m has a prime factor not in P. This contradicts the original assumption of finitely many primes, and hence there are infinitely many prime numbers.","Is the following proof correct?

Theorem. There are infinitely many prime numbers.

Proof. Suppose there are N prime numbers P = {p1, p2, ..., pN} and consider the number M = p1p2...pN. Factor M into two divisors n and m with n + m > 2. Since each prime number divides exactly one of n or m, no prime number divides their sum n + m. Hence n + m has a prime factor not in P. This contradicts the original assumption of finitely many primes, and hence there are infinitely many prime numbers.",1.5,"Yes, the proof is correct."
There are infinitely many prime numbers.,TRUE,"Suppose there are N prime numbers P = {p1, p2, ..., pN} and consider the number M = p1p2...pN. Factor M into two divisors n and m with n + m > 2. Since each prime number divides exactly one of n or m, no prime number divides their sum n + m. Hence n + m has a prime factor not in P. This contradicts the original assumption of finitely many primes, and hence there are infinitely many prime numbers.","Is the following proof correct?

Theorem. There are infinitely many prime numbers.

Proof. Suppose there are N prime numbers P = {p1, p2, ..., pN} and consider the number M = p1p2...pN. Factor M into two divisors n and m with n + m > 2. Since each prime number divides exactly one of n or m, no prime number divides their sum n + m. Hence n + m has a prime factor not in P. This contradicts the original assumption of finitely many primes, and hence there are infinitely many prime numbers.",2,"Yes, this is a correct proof of the statement that there are infinitelyâ€‹ many prime numbers. Very clever and easy proof."
